ModelID,CategoryID,ManufacturerID,ModelName,AssetModelValue
1,9,2,3CBLSG24,0
2,7,4,6867I,0
3,10,5,AL1706,5
4,10,5,AL1706 A,0
5,10,5,AL1715,5
6,10,5,AL1716,5
7,10,5,AL1716 F,0
8,10,5,AL1717,5
9,10,5,AL1717 B,5
10,10,5,AL1916,5
11,10,5,AL1916W,5
12,10,5,AL1917,0
13,10,5,AL1917 C,5
14,10,5,AL2216W,0
15,10,5,B193W,5
16,1,5,CHROMEBOOK 13 CB5-311 SERIES,26.29
17,1,5,CHROMEBOOK C740 SERIES,26.29
18,10,5,G206HQL,0
19,10,5,S231HL,0
20,4,5,TRAVELMATE C203ETCI,0
21,10,5,V173,5
22,10,5,V173 DJB,5
23,10,5,V176L,5
24,10,5,V193,5
25,10,5,V193L,5
26,10,5,V193W,5
27,10,5,V203W,0
28,10,5,V223W,0
29,10,5,V226HQL,0
30,10,5,V246HL,0
31,10,5,X183H B,0
32,10,5,X223H,0
33,10,5,X223W,5
34,9,6,NETVANTA 838 1172838G1,0
35,9,6,NT1 ACE4,0
36,4,7,TPC-1261H-A1E,0
37,4,8,KINDLE FIRE (D01400),5
38,10,9,156LM00003,0
39,10,9,E1649FWU,0
40,10,9,E2343FK,0
41,2,10,MP65-DI,0
42,13,11,AP7530,21.5
43,13,11,AP7541,55
44,13,11,AP7830,0
45,13,11,AP7840,0
46,13,11,AP7900,70
47,13,11,AP7920,0
48,13,11,AP7941,55
49,13,11,AP9211,0
50,9,11,AP9224,0
51,13,11,AP9228,0
52,13,11,AP9626,0
53,13,11,BACK UPS RS 1500,0
54,13,11,BACK UPS XS 1300,0
55,13,11,BACK-UPS 650,0
56,13,11,BACK-UPS 750,0
57,13,11,BACK-UPS CS 500,0
58,13,11,BACK-UPS ES 450,12.5
59,13,11,BACK-UPS ES 500,0
60,13,11,BACK-UPS PRO 1000,0
61,13,11,BACKUPS-UPS 450,13.75
62,13,11,BASIC RACK PDU,50
63,13,11,BE350G,0
64,13,11,BE650R,0
65,13,11,BE750G,0
66,13,11,BX1500LCD,0
67,13,11,DLA1500RM2U,0
68,13,11,PF11VNT3,0
69,13,11,RBC27,0
70,13,11,RBC7,0
71,13,11,SC1500,0
72,13,11,SC620,0
73,13,11,SMART UPS 1000,0
74,13,11,SMART UPS 1400,0
75,13,11,SMART UPS 1500,0
76,13,11,SMART UPS 700,0
77,13,11,SMART UPS 750XL,0
78,13,11,SMART UPS RT 2200,0
79,13,11,SMART UPS SC 1500,0
80,13,11,SMART-UPS 1500,0
81,13,11,SMART-UPS SC-1500,0
82,13,11,SMART-UPS X 3000VA,0
83,13,11,SMRTD5000XL,0
84,13,11,SMT1500,0
85,13,11,SMT1500RM2U,0
86,13,11,SMT750,62.5
87,13,11,SMX3000RMHV2UNC,0
88,13,11,SU5000RMT5U,0
89,13,11,SU700BX120,0
90,13,11,SU700XLNET,0
91,13,11,SUA1000XL,0
92,13,11,SUA1500,0
93,13,11,SUA24XLBP,0
94,13,11,SUA750XL,0
95,13,11,SURTD3000RMXLT3U,0
96,13,11,SYMIM4Q,0
97,2,12,A1176,0
98,14,12,APPLETV3.1 (A1427-MD199LL/A),5
99,10,12,CINEMA_DISPLAY (A1081-M9177LL/A),0
100,10,12,CINEMA_DISPLAY (A1082-M9178LL/A),0
101,10,12,CINEMA_DISPLAY (A1083-M9179LL/A),0
102,10,12,CINEMA_DISPLAY (A1267-MB382LL/A),0
103,10,12,CINEMA_DISPLAY (A1316-MC007LL/A),0
104,10,12,CINEMA_DISPLAY (M8536-M8537ZM/A),0
105,3,12,IMAC10.1 (A1311-MB950LL/A*),198
106,3,12,IMAC11.2 (A1311-MC508LL/A),198.37
107,3,12,IMAC11.3 (A1312-MC511LL/A),0
108,3,12,IMAC11.3 (A1312-MC784LL/A),207
109,3,12,IMAC12.1 (A1311-MC309LL/A),200
110,3,12,IMAC12.1 (A1311-MC812LL/A),0
111,3,12,IMAC12.2 (A1312-MC813LL/A),290
112,3,12,IMAC12.2 (A1312-MD063LL/A),0
113,3,12,IMAC13.1 (A1418-MD093LL/A),304.75
114,3,12,IMAC13.2 (A1419-BTO/CTO),0
115,3,12,IMAC13.2 (A1419-MD095LL/A),0
116,3,12,IMAC13.2 (A1419-MD096LL/A),0
117,3,12,IMAC14.1 (A1418-ME086LL/A),287.5
118,3,12,IMAC14.2 (A1419-ME089LL/A),0
119,3,12,IMAC14.2 (A1419-MF125LL/A),0
120,3,12,IMAC16.2 (A1418-MK442LL/A),0
121,3,12,IMAC6.1 (A1200-MA456LL),0
122,3,12,IMAC7.1 (A1225-MA878LL),0
123,3,12,IMAC8.1 (A1225-MB325LL/A),50
124,3,12,IMAC8.1 (A1225-MB398LL/A),0
125,3,12,IMAC9.1,0
126,4,12,IPAD (A1219-MB292LL/A*),5
127,4,12,IPAD (A1337-MC349LL/A*),12.5
128,4,12,IPAD 2 (A1395-MC769LL/A*),15
129,4,12,IPAD 2 (A1397-MC755LL/A*),0
130,4,12,IPAD 3 (A1403-MC733LL/A*),35
131,4,12,IPAD 3 (A1416-MC705LL/A*),35
132,4,12,IPAD 3 (A1430-MD366LL/A*),37.5
133,4,12,IPAD 4 (A1458-MD510LL/A*),30.5
134,4,12,IPAD 4 (A1459-MD516LL/A*),0
135,4,12,IPAD 4 (A1460-MD522LL/A),37.5
136,4,12,IPAD AIR (A1474-MD785LL/A*),5
137,4,12,IPAD AIR 2 (A1567-MH2V2LL/A*),0
138,4,12,IPAD MINI (A1432-MD528LL/A*),17.5
139,4,12,IPAD MINI (A1454-MD534LL/A*),17.5
140,4,12,IPAD MINI (A1455-MD540LL/A*),20
141,4,12,IPAD MINI 3 (A1599-MGNV2LL/A*),25
142,4,12,IPAD MINI 3 (A1600-MH3F2LL/A*),17.5
143,4,12,IPAD MINI 4 (A1550-MK872LL/A*),137.5
144,4,12,IPAD1.1 (A1219-EMC 2311),12
145,4,12,IPAD1.1 (A1289-EMC 1219),0
146,4,12,IPAD2.1 (A1395-EMC 2415),36
147,4,12,IPAD2.4 (A1395-EMC 2560),38
148,4,12,IPAD3.1 (A1416-EMC 2498),52
149,4,12,IPAD3.4 (A1458-EMC 2604),56
150,4,12,IPAD4.1 (A1474-EMC 2646),38.5
151,4,12,IPAD5.3 (A1566-EMC 2822),30
152,4,12,IPAD6.11(A1822-EMC 3017),45
153,4,12,IPAD6.3 (A1673-MLMP2LL/A),0
154,8,12,IPHONE 3G (A1241-MB046LL/A*),0
155,8,12,IPHONE 3G (A1241-MB702LL),0
156,8,12,IPHONE 3GS (A1303-MB715LL/A*),0
157,8,12,IPHONE 3GS (A1303-MC135LL),0
158,8,12,IPHONE 3GS (A1303-MC640LL),0
159,8,12,IPHONE 4 (A1332-MD608LL/A),0
160,8,12,IPHONE 4 (A1349-MC676LL/A*),25
161,8,12,IPHONE 4 (A1349-MD439LL/A),0
162,8,12,IPHONE 4 (A1349-MD440LL/A),0
163,8,12,IPHONE 4S (A1387-MC918LL/A*),25
164,8,12,IPHONE 4S (A1387-MC922LL/A),25
165,8,12,IPHONE 4S (A1387-MD236LL),25
166,8,12,IPHONE 4S (A1387-MD236LL/A),0
167,8,12,IPHONE 4S (A1387-MD276LL/A),25
168,8,12,IPHONE 4S (A1387-MF257LL/A),25
169,8,12,IPHONE 4S (A1387-MF259LL/A),25
170,8,12,IPHONE 4S (A1387-MF260LL/A),0
171,8,12,IPHONE 5 (1428-MD638LL/A),0
172,8,12,IPHONE 5 (A1428-MD634LL/A*),25
173,8,12,IPHONE 5 (A1429-MD654LL/A*),0
174,8,12,IPHONE 5 (A1429-MD656LL/A*),0
175,8,12,IPHONE 5 (A1429-ND097LL/A),5
176,8,12,IPHONE 5C (1532-MGFG2LL/A),0
177,8,12,IPHONE 5C (A1532-ME495LL/A),5
178,8,12,IPHONE 5C (A1532-ME505LL/A*),5
179,8,12,IPHONE 5C (A1532-ME553LL/A*),25
180,8,12,IPHONE 5C (A1532-MGF02LL/A),25
181,8,12,IPHONE 5C (A1532-MGFJ2LL/A),0
182,8,12,IPHONE 5S (A1453-ME350LL/A*),0
183,8,12,IPHONE 5S (A1533-ME305LL/A*),25
184,8,12,IPHONE 5S (A1533-ME341LL/A*),25
185,8,12,IPHONE 5S (A1533-ME342LL/A),0
186,8,12,IPHONE 5S (A1533-NE341LL/A),25
187,8,12,IPHONE 5SE (A1662-MLLX2LL/A),0
188,8,12,IPHONE 5SE (A1662-MLLY2LL/A),25
189,8,12,IPHONE 6 (A1549-MG4P2LL/A*),0
190,8,12,IPHONE SE (A1662-MLLY2LL/A),0
191,14,12,IPOD TOUCH (A1213-MA627C),0
192,14,12,IPOD TOUCH 2 (A1288-MC086LL),0
193,1,12,MACBOOK2.1 (A1181-MB061LL/A),12.5
194,1,12,MACBOOK4.1 (A1181-MB403LL/A),0
195,1,12,MACBOOK6.1 (A1342-MC207LL/A),0
196,1,12,MACBOOK7.1 (A1342-MC516LL/A),0
197,1,12,MACBOOK8.1(A1534-MF855LL/A*),258.18
198,1,12,MACBOOK8.1(A1534-MF865LL/A*),283.18
199,2,12,MACBOOKAIR1.1 (A1237-MB003LL/A),0
200,1,12,MACBOOKAIR2.1 (A1304-MC233LL/A),140
201,1,12,MACBOOKAIR2.1 (A1304-MC234LL/A),0
202,1,12,MACBOOKAIR3.2 (A1369-MC503LL/A),75
203,1,12,MACBOOKAIR3.2 (A1369-MC905LL/A),5
204,1,12,MACBOOKAIR4.2 (A1369-MC965LL/A*),115
205,1,12,MACBOOKAIR4.2 (A1369-MD226LL/A),140
206,1,12,MACBOOKAIR5.2,225
207,1,12,MACBOOKAIR5.2 (A1466-MD231LL/A),178.18
208,1,12,MACBOOKAIR5.2 (A1466-MD846LL/A),225
209,1,12,MACBOOKAIR6.2,200
210,1,12,MACBOOKAIR6.2 (A1466-BTO/CTO),407
211,1,12,MACBOOKAIR6.2 (A1466-MD760LL/A*),115
212,1,12,MACBOOKAIR6.2 (A1466-MD760LL/B),193.18
213,1,12,MACBOOKAIR6.2 (A1466-MD761LL/B),370
214,1,12,MACBOOKAIR6.2 (A1466-MF068LL/A),140
215,1,12,MACBOOKAIR7.1 (A1465-BTO/CTO),240
216,1,12,MACBOOKAIR7.2,0
217,1,12,MACBOOKAIR7.2 (A1466_MJVE2LL/A*),218.18
218,1,12,MACBOOKAIR7.2 (A1466-BTO/CTO),350
219,1,12,MACBOOKAIR7.2 (A1466-MJVE2LL/A*),250
220,1,12,MACBOOKAIR7.2(A1466_BTO/CTO),293.18
221,1,12,MACBOOKPRO 10.1 (ME665LL/A),325
222,1,12,MACBOOKPRO1.1 (A1150-MA463LL/A*),25
223,1,12,MACBOOKPRO1.1 (A1150-MA464LL/A*),0
224,1,12,MACBOOKPRO10.1 (1398-ME665LL/A),350
225,1,12,MACBOOKPRO10.1 (A1398-MC975LL/A),253.18
226,1,12,MACBOOKPRO10.1 (A1398-MC976LL/A),325
227,1,12,MACBOOKPRO10.1 (A1398-ME665LL/A),225
228,1,12,MACBOOKPRO10.1 (A1398-ME698LL/A),375
229,1,12,MACBOOKPRO10.1(A1398 _ME665LL/A*),298.18
230,1,12,MACBOOKPRO10.2 (A1425_BTO/CTO),295.68
231,1,12,MACBOOKPRO11.1 (A1502_MGX92LL/A),293.18
232,1,12,MACBOOKPRO11.1 (A1502-ME867LL/A),350
233,1,12,MACBOOKPRO11.1 (A1502-MGX72LL/A),350
234,1,12,MACBOOKPRO11.1 (A1502-MGX92LL/A),283.18
235,1,12,MACBOOKPRO11.1 (A1502-MGXD2LL/A),350
236,1,12,MACBOOKPRO11.2 (A1398-BTO/CTO),387.5
237,1,12,MACBOOKPRO11.2 (A1398-ME293LL/A),437.5
238,1,12,MACBOOKPRO11.2 (A1398-MGXA2LL/A),500
239,1,12,MACBOOKPRO11.3 (A1398-ME294LL/A),368.18
240,1,12,MACBOOKPRO11.3 (A1398-ME874LL/A),348.18
241,1,12,MACBOOKPRO11.3 (A1398-MGXC2LL/A),475
242,1,12,MACBOOKPRO11.3 (A1398-MGXG2LL/A),625
243,1,12,MACBOOKPRO11.4 (A1398-BTO/CTO),550
244,1,12,MACBOOKPRO11.4 (A1398-MJLQ2LL/A),450
245,1,12,MACBOOKPRO11.5 (A1398-MJLT2LL/A),500
246,1,12,MACBOOKPRO11.5 (A1398-MJLU2LL/A*),700
247,1,12,MACBOOKPRO11;4(A1398_MJLQ2LL/A),533.18
248,1,12,MACBOOKPRO12.1 (A1502 _MF843LL/A*),483.18
249,1,12,MACBOOKPRO12.1 (A1502_MF843LL/A*),583.18
250,1,12,MACBOOKPRO12.1 (A1502-MF841LL/A),243.18
251,1,12,MACBOOKPRO12.1 (A1502-MF843LL/A),458.18
252,1,12,MACBOOKPRO12.1(A1502 _MF841LL/A*),345.68
253,1,12,MACBOOKPRO2.2 (A1211-MA609LL),25
254,1,12,MACBOOKPRO4.1 (A1260-MB134LL/A),25
255,1,12,MACBOOKPRO5.1 (A1286-MB470LL/A),25
256,1,12,MACBOOKPRO5.1 (A1286-MC026LL/A),100
257,1,12,MACBOOKPRO5.3 (A1286-BTO/CTO),75
258,1,12,MACBOOKPRO5.4 (A1286-MC118LL/A),75
259,1,12,MACBOOKPRO5.5 (A1278-MB990LL/A),100
260,1,12,MACBOOKPRO6.2 (A1286-MC371LL/A),100
261,1,12,MACBOOKPRO6.2 (A1286-MC372LL/A),137.5
262,1,12,MACBOOKPRO6.2 (A1286-MC373LL/A*),175
263,1,12,MACBOOKPRO7.1 (A1278-MC374LL/A),12.5
264,1,12,MACBOOKPRO8.1 (A1278-MC700LL/A),162.5
265,1,12,MACBOOKPRO8.1 (A1278-MC724LL/A),225
266,1,12,MACBOOKPRO8.1 (A1278-MD313LL/A),175
267,1,12,MACBOOKPRO8.1 (A1278-MD314LL/A),200
268,1,12,MACBOOKPRO8.2 (A1286-MC721LL/A),0
269,1,12,MACBOOKPRO8.2 (A1286-MC723LL/A),200
270,1,12,MACBOOKPRO8.2 (A1286-MD318LL/A),200
271,1,12,MACBOOKPRO8.2 (A1286-MD322LL/A),237.5
272,1,12,MACBOOKPRO9.1 (A1286-MD103LL/A),275
273,1,12,MACBOOKPRO9.1 (A1286-MD104LL/A),295
274,1,12,MACBOOKPRO9.2 (A1278-MD101LL/A),212.5
275,1,12,MACBOOKPRO9.2 (A1278-MD102LL/A),237.5
276,2,12,MACMINI1.1 (A1176-MA206LL/A*),0
277,2,12,MACMINI2.1 (A1176-MB138LL/A),0
278,2,12,MACMINI5.2 (1347LL/A_MC816LL/A),5
279,2,12,MACMINI5.2 (A1347-MC816LL/A),0
280,2,12,MACMINI6.2 (A1347-BTO/CTO),456.5
281,2,12,MACPRO1.1* (A1186-BTO/CTO),12.5
282,2,12,MACPRO3.1 (A1186-BTO/CTO),0
283,2,12,MACPRO3.1 (A1186-MA970LL/A),37.5
284,2,12,MACPRO4.1,0
285,2,12,MACPRO4.1 (A1289-BTO/CTO),0
286,2,12,MACPRO4.1 (A1289-MB535LL/A),175
287,2,12,MACPRO4.1 (A1289-MB871LL/A),130
288,2,12,MACPRO5.1,200
289,2,12,MACPRO5.1 (A1289-BTO/CTO),400
290,2,12,MACPRO5.1 (A1289-MC250LL/A*),175
291,2,12,MACPRO5.1 (A1289-MC561LL/A),350
292,2,12,MACPRO5.1 (A1289-MD770LL/A),225
293,2,12,MACPRO5.1 (A1289-MD771LL/A),450
294,2,12,POWER MACINTOSH 9600/350,0
295,1,12,POWERBOOK3.2 (M5884-M7710LL/A),0
296,1,12,POWERBOOK5.2 (A1046-M8981LL/A),0
297,1,12,POWERBOOK5.4 (A1095-M9421LL/A),0
298,2,12,POWERMAC11.2 (A1117/A1177*-M9590LL/A),0
299,2,12,POWERMAC3.6 (M8570- M8573LL/A),0
300,2,12,POWERMAC7.2 (A1047-M9393LL/A),0
301,2,12,POWERMAC7.3 (A1047-M9454LL/A),0
302,10,12,STUDIO_DISPLAY (M7649),0
303,10,12,THUNDERBOLT_DISPLAY (A1407-MC914LL/A),0
304,8,13,5 INTERNET TABLET,0
305,9,14,7050S-64,300
306,9,14,7124SX,475
307,9,14,DCS-7124S,190
308,9,14,DCS-7124SX,100
309,9,15,DG1670A,0
310,9,15,TM722G/CT,0
311,9,16,AP-105,0
312,14,16,DXE-CAT-TX2,0
313,2,17,COREHT 231D-4G50/B/US/ASR,5
314,13,18,AA 19440,0
315,13,18,PSE3-115/230-CDI-002,0
316,1,19,EEE PC 1000HE,0
317,1,19,EEE PC 1005HAB,0
318,3,19,ET2210,0
319,1,19,G74SX-XR1,25
320,4,19,NEXUS 7,0
321,10,19,PA246,0
322,10,19,PA248,0
323,10,19,VH222,5
324,10,19,VK278,0
325,2,19,VM42,0
326,10,19,VS208N-P,0
327,10,19,VW193,5
328,10,19,VW228TLB-P,0
329,1,19,X54C,0
330,7,20,1692 IP CONFERENCE STATION,0
331,7,20,2402,0
332,7,20,2410,0
333,7,20,2410D,0
334,7,20,2420,0
335,7,20,4610SW IP,0
336,7,20,4620SE IP,0
337,7,20,4620SW,0
338,7,20,4621SW IP,0
339,7,20,5402,0
340,7,20,9608,0
341,7,20,9611G,26.5
342,7,20,9640,0
343,7,20,9640G,0
344,9,20,IP OFFICE 500,0
345,9,20,IP400,0
346,14,21,CP355,0
347,5,22,CALLXPRESS,0
348,10,23,MDCC-2121,0
349,10,23,MDCG2121,0
350,9,24,SPAM & VIRUS FIREWALL 200,0
351,13,25,BE112230-08,7.5
352,9,25,F5D5141-16,0
353,10,26,Q9T5,5
354,14,27,NEXIA CS,65
355,14,27,TI-2,0
356,8,28,9930,0
357,8,28,BLACKBERRY 8700C,0
358,8,28,BLACKBERRY 8830,0
359,8,28,BLACKBERRY 8900,0
360,8,28,BLACKBERRY 9315,0
361,8,28,BLACKBERRY 9320,0
362,8,28,BLACKBERRY 9360,0
363,8,28,BLACKBERRY 9530,0
364,8,28,BLACKBERRY 9550,0
365,8,28,BLACKBERRY 9630,0
366,8,28,BLACKBERRY 9650,0
367,8,28,BLACKBERRY 9700,0
368,8,28,BLACKBERRY 9780,0
369,8,28,BLACKBERRY 9800,0
370,8,28,BLACKBERRY- 9810,0
371,8,28,BLACKBERRY 9900,0
372,8,28,BLACKBERRY 9930,0
373,8,28,BLACKBERRY PASSPORT SQW100-1,0
374,8,28,BLACKBERRY SQN100-1,0
375,8,28,BLACKBERRY STL100-3,25
376,8,28,RDM71UW,0
377,9,29,AV1200-A,0
378,9,29,SG510-10-PR,0
379,12,30,FAX 4100E,0
380,12,30,HL-21,0
381,12,30,HL-2280DW,0
382,12,30,HL-4150CDN,0
383,12,30,HL-5240,0
384,12,30,INTELLIFAX AX 2840,0
385,12,30,MFC-8710DW,0
386,12,30,MFC-8860DN,0
387,12,30,MFC-8910DW,0
388,12,30,QL-720NW,0
389,6,31,TS-RX4.0TL/RS,0
390,9,32,9145E-104-0-0,0
391,12,33,COLOR IMAGECLASS MF8280CW,0
392,12,33,COLOR IMAGECLASS MF8530CDN,0
393,12,33,IMAGECLASS LBP6000,0
394,12,33,LASER 3170,0
395,12,33,LASER CLASS 730I,0
396,9,34,P-10,0
397,9,34,S-10,0
398,9,34,U20,0
399,7,35,7900 SERIES,0
400,9,35,ASA 5505 SERIES,0
401,9,35,ASA 5510 SERIES,0
402,9,35,ASA 5515-X,375
403,9,35,ASA 5520 SERIES,0
404,9,35,ASA5506,0
405,9,35,ASA5520,0
406,14,35,C40,0
407,9,35,CATALYST 2900 SERIES XL,0
408,9,35,CATALYST 2950 SERIES,0
409,9,35,CATALYST 2960 SERIES,0
410,9,35,CATALYST 2960 SERIES POE - 24,0
411,9,35,CATALYST 2960 SERIES POE 48,0
412,9,35,CATALYST 2960-C SERIES POE,150
413,9,35,CATALYST 2960-CG SERIES,0
414,9,35,CATALYST 2960G SERIES,30
415,9,35,CATALYST 2960-X SERIES,300
416,9,35,CATALYST 3500 SERIES XL,0
417,9,35,CATALYST 3550 SERIES,0
418,9,35,CATALYST 3560 SERIES,112.5
419,9,35,CATALYST 3560 SERIES POE-24,0
420,9,35,CATALYST 3560 SERIES POE-48,52.5
421,9,35,CATALYST 3560 V2 SERIES,0
422,9,35,CATALYST 3560-CG SERIES,87.5
423,9,35,CATALYST 3560G SERIES,44
424,9,35,CATALYST 3560G SERIES POE-48,52.5
425,9,35,CATALYST 3560-X SERIES,100
426,9,35,CATALYST 3560-X SERIES POE +,0
427,9,35,CATALYST 3750 E-SERIES,0
428,9,35,CATALYST 3750 SERIES,25
429,9,35,CATALYST 3750 SERIES POE-48,0
430,9,35,CATALYST 3750 X SERIES POE,0
431,9,35,CATALYST 3750-E SERIES,0
432,9,35,CATALYST 3750G,0
433,9,35,CATALYST 3750G SERIES POE-24,0
434,9,35,CATALYST 3750G SERIES POE-48,80
435,9,35,CATALYST 3750-X SERIES POE+,300
436,9,35,CATALYST 3850 24,500
437,9,35,CATALYST 3850 48,1000
438,9,35,CATALYST 3850 48 POE,1375
439,9,35,CATALYST 4900M,0
440,9,35,CATALYST 5500 SERIES,0
441,9,35,CATALYST 6500 SERIES,0
442,9,35,CATALYST 6500-E,0
443,9,35,CISCO 2800 SERIES,0
444,7,35,CISCO 7912,0
445,7,35,CISCO 7941G,0
446,7,35,CISCO 7960,0
447,7,35,CISCO 7960G,0
448,7,35,CISCO 7962 IP PHONE,0
449,7,35,CISCO 7965 IP PHONE,0
450,9,35,CISCO 890,0
451,9,35,CISCO ASA 5520 SERIES,0
452,9,35,CISCO CATALYST 2960-C SERIES,0
453,7,35,CISCO IP PHONE 7911,0
454,7,35,CISCO IP PHONE 7912,0
455,7,35,CISCO IP PHONE 7942,0
456,7,35,CISCO IP PHONE 7945,0
457,7,35,CISCO IP PHONE 7960,0
458,7,35,CISCO IP PHONE 7962,0
459,7,35,CISCO IP PHONE 7965,30
460,9,35,CISCO USC 6120XP,0
461,9,35,CISCO USC 6248 UP,0
462,7,35,CP-7911G,0
463,7,35,CP-7937G,0
464,7,35,CP-7940G,0
465,7,35,CP-7941G,6.9
466,7,35,CP-7942G,0
467,7,35,CP-7945G,0
468,7,35,CP-7962G,0
469,7,35,CP-8831,0
470,7,35,CP-8851,0
471,9,35,DPQ3925,0
472,9,35,DS-C9148-16P-K9,0
473,9,35,EZXS55W,0
474,9,35,IRONPORT C170,0
475,9,35,LIGHTSTREAM 1010,0
476,9,35,MDS 91206A,0
477,9,35,MDS 9148 MULTILAYER FABRIC SWITCH,0
478,9,35,N2K-C2148T-1GE,0
479,9,35,N2K-C2232PP-10GE,0
480,9,35,N2K-C2248TP-1GE,0
481,9,35,N2K-C2248TP-E-1GE,0
482,9,35,N5K-C5010P-BFS,0
483,9,35,N7K-C7010,0
484,9,35,NEXUS 2248TP 1GE FABRIC EXTENDER,0
485,9,35,NEXUS 5596UP,500
486,9,35,NEXUS 7706,8750
487,9,35,NEXUS N9K-C9372PX,1500
488,13,35,RP208-30-1P-U-2,50
489,7,35,TELEPRESENCE MX300 G2,0
490,5,35,UCS 5108,125
491,5,35,UCS B200 M2,0
492,5,35,UCS B200 M3,0
493,5,35,UCS B200 M4,1250
494,9,35,USC-FI-6248UP,175
495,7,35,VG224,0
496,9,35,VS-S720-10G,0
497,9,35,WRT120N,0
498,9,35,WS-C2940-8TF-S,0
499,9,35,WS-SUP32P-GE,0
500,9,35,WS-X6148A-GE-TX,0
501,9,36,MPX 7500/9500,0
502,9,36,MPX-550,55
503,7,37,MAX WIRELESS,0
504,2,38,D51S,0
505,2,38,EVO,0
506,1,38,EVO N1005V,0
507,1,38,EVO N610C,0
508,5,38,ML570,0
509,1,38,PP2060,0
510,2,38,PRESARIO,0
511,2,38,PRESARIO 7596,0
512,2,38,PRESARIO SR1010NX,0
513,1,38,PRESARIO V5000,0
514,6,38,PROLIANT DL380,0
515,5,38,PROLIANT ML330,0
516,13,38,R3000,0
517,10,38,S1922A,5
518,14,39,232-STS,0
519,14,40,6001376,0
520,14,40,CAPTURE-HD-PRO,0
521,14,40,CEN-TRACK,0
522,14,40,CNPWS-75,0
523,14,40,CP2E,30
524,14,40,DM-MD6X1,105
525,14,40,DVPHD-QUAD-R,0
526,14,40,MPS-300,0
527,14,40,PRO 2,30
528,14,40,QM-RMCRX-BA,0
529,14,40,QM-WMC,0
530,14,40,ST-VS,0
531,14,40,TPS-GA-TPI,20
532,10,40,TSD-2020-B,0
533,14,40,ZA11416,30
534,14,41,COM-TECH 210,35.75
535,14,41,CTS 8200,165
536,14,41,CTS-4200,132
537,2,42,CUSTOM,0
538,13,43,350VA,0
539,2,43,ACTIVE FPC,0
540,13,43,CP1000AVRLCD,0
541,12,44,DMX-E-4205,0
542,12,44,DMX-M-4206,0
543,12,44,DMX-M-4208,32.5
544,12,44,DXM-M-4208,0
545,12,44,DXM-M-4210,0
546,12,44,E-4205A,0
547,12,44,I-4212E,0
548,12,44,M CLASS MARK II,0
549,12,45,1110,0
550,10,45,1503FP,0
551,10,45,1504FP,0
552,10,45,1702FP,0
553,10,45,1703FPS,5
554,10,45,1703FPT,5
555,10,45,1704FPTT,0
556,10,45,1704FPVS,0
557,10,45,1704FPVT,5
558,10,45,1707FPC,5
559,10,45,1707FPF,5
560,10,45,1707FPT,5
561,10,45,1708 FPB,5
562,10,45,1708FPB,5
563,10,45,1708FPF,5
564,10,45,1708FPT,5
565,12,45,1710N,0
566,10,45,1800FP,5
567,10,45,1801FP,5
568,10,45,1901FP,5
569,10,45,1905FP,5
570,10,45,1907FPC,5
571,10,45,1907FPF,0
572,10,45,1907FPT,5
573,10,45,1907FPVT,5
574,10,45,1908FPB,5
575,10,45,1908FPC,5
576,10,45,1908FPF,5
577,10,45,1908FPT,5
578,10,45,1908WFPF,0
579,10,45,1909WB,5
580,10,45,1909WF,5
581,10,45,190FPT,0
582,10,45,190ST,5
583,10,45,20001FP,0
584,10,45,2001FP,0
585,10,45,2005FPW,5
586,10,45,2007FPB,5
587,10,45,2007WFPB,23.1
588,10,45,2009WT,5
589,12,45,2150CDN,0
590,10,45,2208WFPT,5
591,12,45,2330D,0
592,10,45,2405FPW,5
593,10,45,2407WFPB,5
594,10,45,2408WFPB,5
595,12,45,5100 CN,0
596,12,45,5210N,0
597,13,45,AP6020,0
598,4,45,AXIM X30,0
599,13,45,C570A-S0,0
600,6,45,COMPELLENT SC200,0
601,2,45,DELL DXP061,0
602,2,45,DIMENSION 2350,0
603,2,45,DIMENSION 2400,0
604,2,45,DIMENSION 3000,0
605,2,45,DIMENSION 4500,0
606,2,45,DIMENSION 4700,0
607,2,45,DIMENSION 5100,0
608,2,45,DIMENSION 9150,0
609,2,45,DIMENSION 9200,0
610,2,45,DIMENSSION XPS,0
611,2,45,DXP061,0
612,10,45,E151FP,0
613,10,45,E156FPC,0
614,10,45,E1709WF,5
615,10,45,E170SC,5
616,10,45,E1713SB,0
617,10,45,E171FP,5
618,10,45,E172FPB,5
619,10,45,E172FPT,0
620,10,45,E173FP,0
621,10,45,E173FPB,5
622,10,45,E173FPC,5
623,10,45,E173FPF,5
624,10,45,E176FPB,5
625,10,45,E176FPC,5
626,10,45,E176FPF,5
627,10,45,E176FPM,5
628,10,45,E177FPB,5
629,10,45,E177FPC,5
630,10,45,E177FPF,5
631,10,45,E178FPB,0
632,10,45,E178WFPC,5
633,10,45,E1909WB,5
634,10,45,E1909WC,5
635,10,45,E190SF,5
636,10,45,E1910C,5
637,10,45,E1910F,5
638,10,45,E1910HC,5
639,10,45,E1911F,5
640,10,45,E1913C,5
641,10,45,E1913SF,0
642,10,45,E1914HF,5
643,10,45,E196FPB,5
644,10,45,E196FPF,5
645,10,45,E197FPB,5
646,10,45,E197FPF,5
647,10,45,E198FPB,5
648,10,45,E198FPF,5
649,10,45,E198WFPV,5
650,10,45,E2009WT,0
651,10,45,E207WFPC,5
652,10,45,E2209WF,0
653,10,45,E2210C,0
654,10,45,E2210F,5
655,10,45,E2211HC,10
656,10,45,E2214HB,5
657,10,45,E2310HC,5
658,6,45,EQUALLOGIC PS4100,0
659,9,45,FORCE10 S50-01-GE-48T-AC,36.5
660,9,45,FORCE10 S50-01-GE-48T-V,50
661,1,45,INSPIRION 700M,0
662,1,45,INSPIRON 1501,0
663,1,45,INSPIRON 1526,0
664,2,45,INSPIRON 3847,0
665,2,45,INSPIRON 531,0
666,1,45,INSPIRON 5558,57.82
667,1,45,INSPIRON 6400,7.5
668,1,45,INSPIRON 8100,0
669,1,45,INSPIRON 8500,0
670,1,45,INSPIRON M5010,62.19
671,1,45,INSPIRON N5110,28.41
672,1,45,INSPIRON N7110,0
673,1,45,LATITUDE C600,0
674,1,45,LATITUDE C640,0
675,1,45,LATITUDE D400,0
676,1,45,LATITUDE D430,0
677,1,45,LATITUDE D531,0
678,1,45,LATITUDE D600,0
679,1,45,LATITUDE D610,0
680,1,45,LATITUDE D620,7
681,1,45,LATITUDE D630,7
682,1,45,LATITUDE D810,0
683,1,45,LATITUDE E4300,0
684,1,45,LATITUDE E4310,17.38
685,1,45,LATITUDE E5430,37.5
686,1,45,LATITUDE E5430 NON-VPRO,45
687,1,45,LATITUDE E5440,50
688,1,45,LATITUDE E5450,60
689,1,45,LATITUDE E5510,0
690,1,45,LATITUDE E5530,0
691,1,45,LATITUDE E6220,41.46
692,1,45,LATITUDE E6230,51.82
693,1,45,LATITUDE E6320,41.46
694,1,45,LATITUDE E6330,69.1
695,1,45,LATITUDE E6400,10
696,1,45,LATITUDE E6410,62.19
697,1,45,LATITUDE E6420,105
698,1,45,LATITUDE E6430,150
699,1,45,LATITUDE E6430S,50
700,1,45,LATITUDE E6440,72.53
701,1,45,LATITUDE E6520,57.82
702,1,45,LATITUDE E6530,55
703,1,45,LATITUDE E7240,101.94
704,1,45,LATITUDE E7250,0
705,1,45,LATITUDE E7440,70
706,1,45,LATITUDE E7450,60
707,13,45,N750P-S0,0
708,2,45,OPTIPLEX 170L,0
709,2,45,OPTIPLEX 210L,0
710,2,45,OPTIPLEX 3010,49.99
711,2,45,OPTIPLEX 3020,73.74
712,2,45,OPTIPLEX 320,0
713,2,45,OPTIPLEX 330,0
714,2,45,OPTIPLEX 360,0
715,2,45,OPTIPLEX 380,0
716,2,45,OPTIPLEX 390,44.49
717,2,45,OPTIPLEX 7010,150
718,2,45,OPTIPLEX 7020,86.24
719,2,45,OPTIPLEX 740,0
720,2,45,OPTIPLEX 745,0
721,2,45,OPTIPLEX 755,0
722,2,45,OPTIPLEX 760,25
723,2,45,OPTIPLEX 780,25
724,2,45,OPTIPLEX 790,62.5
725,2,45,OPTIPLEX 9010,162.5
726,2,45,OPTIPLEX 9020,73.24
727,2,45,OPTIPLEX 960,6
728,2,45,OPTIPLEX 980,43.75
729,2,45,OPTIPLEX 990,137.5
730,2,45,OPTIPLEX GX240,0
731,2,45,OPTIPLEX GX260,0
732,2,45,OPTIPLEX GX270,0
733,2,45,OPTIPLEX GX280,0
734,2,45,OPTIPLEX GX520,0
735,2,45,OPTIPLEX GX60,0
736,2,45,OPTIPLEX GX620,0
737,2,45,OPTIPLEX SX280,0
738,10,45,P170SB,5
739,10,45,P170SF,0
740,10,45,P170ST,5
741,10,45,P190SB,5
742,10,45,P190SC,5
743,10,45,P190SF,5
744,10,45,P190ST,5
745,10,45,P1911B,5
746,10,45,P1911T,5
747,10,45,P1913B,5
748,10,45,P1913SB,5
749,10,45,P1913SF,5
750,10,45,P1913T,5
751,10,45,P1914SF,0
752,10,45,P2010HT,5
753,10,45,P2011HT,0
754,10,45,P2016,0
755,10,45,P2210F,5
756,10,45,P2210T,5
757,10,45,P2211HT,5
758,10,45,P2212HB,5
759,10,45,P2213F,0
760,10,45,P2213T,39
761,10,45,P2214HB,0
762,10,45,P2311HB,5
763,10,45,P2312HT,50
764,10,45,P2314HT,45
765,10,45,P2412HB,42.5
766,10,45,P2414HB,5
767,9,45,POWERCONNECT 2216,0
768,9,45,POWERCONNECT 2508,0
769,9,45,POWERCONNECT 2624,0
770,9,45,POWERCONNECT 2708,0
771,9,45,POWERCONNECT 2716,0
772,9,45,POWERCONNECT 2724,19.25
773,9,45,POWERCONNECT 2816,0
774,9,45,POWERCONNECT 6224,22.5
775,2,45,POWEREDGE 1300,0
776,5,45,POWEREDGE 1550,0
777,5,45,POWEREDGE 1600SC,0
778,5,45,POWEREDGE 1650,0
779,5,45,POWEREDGE 1800,0
780,5,45,POWEREDGE 1850,0
781,5,45,POWEREDGE 1950,0
782,5,45,POWEREDGE 2500,0
783,5,45,POWEREDGE 2650,0
784,5,45,POWEREDGE 2800,0
785,5,45,POWEREDGE 2850,0
786,5,45,POWEREDGE 2900,0
787,5,45,POWEREDGE 2950,0
788,2,45,POWEREDGE 400SC,0
789,5,45,POWEREDGE 600SC,0
790,5,45,POWEREDGE 6450,0
791,5,45,POWEREDGE 6650,0
792,2,45,POWEREDGE 840,0
793,5,45,POWEREDGE 860,0
794,5,45,POWEREDGE E10S,0
795,5,45,POWEREDGE R210,0
796,5,45,POWEREDGE R210 II,0
797,5,45,POWEREDGE R300,0
798,5,45,POWEREDGE R410,77
799,5,45,POWEREDGE R420,0
800,5,45,POWEREDGE R430,0
801,5,45,POWEREDGE R610,0
802,5,45,POWEREDGE R620,510.74
803,5,45,POWEREDGE R710,0
804,5,45,POWEREDGE R720,471.75
805,5,45,POWEREDGE R810,0
806,2,45,POWEREDGE SC1430,0
807,2,45,POWEREDGE T105,0
808,2,45,POWEREDGE T110,0
809,2,45,POWEREDGE T110 II,0
810,5,45,POWEREDGE T610,0
811,5,45,POWEREDGE T710,360
812,13,45,POWERVAULT 110T,0
813,5,45,POWERVAULT NX300,0
814,1,45,PP01L,0
815,1,45,PP18L,0
816,2,45,PRECISION 340,0
817,2,45,PRECISION 370,0
818,2,45,PRECISION 390,0
819,2,45,PRECISION 490,0
820,1,45,PRECISION M4600,65.18
821,1,45,PRECISION M4700,0
822,1,45,PRECISION M4800,30
823,1,45,PRECISION M6600,87.24
824,1,45,PRECISION M6700,0
825,1,45,PRECISION M6800,0
826,2,45,PRECISION T1500,0
827,2,45,PRECISION T1650,0
828,2,45,PRECISION T3610,0
829,2,45,PRECISION T5400,0
830,2,45,PRECISION T5500,0
831,2,45,PRECISION T7500,0
832,2,45,PRECISION WORKSTATION T3500,0
833,2,45,PRECISION WORKSTATION T7500,0
834,10,45,ST2410B,5
835,3,45,STUDIO ONE 1909,0
836,10,45,U2212HMC,38
837,10,45,U2311HB,5
838,10,45,U2410F,65
839,10,45,U2412MB,0
840,10,45,U2415B,0
841,10,45,U2711B,0
842,10,45,U2715HC,150
843,2,45,VOSTRO,0
844,2,45,VOSTRO 200,0
845,3,45,VOSTRO 320,0
846,1,45,VOSTRO 3550,0
847,2,45,XPS 210,0
848,2,45,XPS 8700,0
849,1,45,XPS M1330,22.5
850,13,46,DPST-1150AB A,0
851,14,47,DN-780R,0
852,14,47,DN-V300,0
853,14,47,DN-V310,0
854,9,48,C/CON-8 RJ45,0
855,9,49,DES-1024D,0
856,9,49,DES-1105,0
857,9,49,DES-1228P,0
858,9,49,DGS-2208,0
859,9,49,DSS-24+,0
860,10,50,C3GRAY,0
861,12,51,LABELWRITER 450,0
862,12,51,LABELWRITER 450 TURBO,0
863,11,52,LC-XNB3S,0
864,4,53,SP400,0
865,10,54,FLEXSCAN L365,0
866,14,55,REV-D,0
867,11,56,HV-3000XG,0
868,11,56,P10,0
869,13,57,1000 WATT DUAL SPARE STANDBY POWER SUPPLY,35
870,6,57,CX4-480,0
871,6,57,KTN-STL3,0
872,6,57,KTN-STL4,0
873,6,57,MPE,0
874,13,57,SG6004,0
875,6,57,STPE15,0
876,6,57,TRPE,0
877,6,57,VNX5400,0
878,13,58,MOBIUS POWER,0
879,3,58,WIDESCREEN AIO R6,0
880,11,59,ELP-5300,0
881,11,59,EMP-8300NL,0
882,12,59,PHOTO R280,0
883,12,59,WORKFORCE 310,0
884,5,60,6RX,0
885,14,61,CROSSPOINT 300 1616 HVA,0
886,14,61,CROSSPOINT 300 SERIES,0
887,14,61,CROSSPOINT SERIES SWITCHER,0
888,14,61,MATRIX SWITCHER,0
889,14,61,MAV88 AV,0
890,14,61,MDA 3AV,0
891,14,61,MPS 112,0
892,14,61,MPX 423 A,0
893,14,61,RGB 109,0
894,14,61,RGB DISTRIBUTION AMPLIFIER,0
895,14,61,RGB-HDMI 300,0
896,9,62,BIG IP 5050 SERIES,62.5
897,9,62,BIG LTM 3400,0
898,9,62,BIG LTM 3600,0
899,14,63,FA-DR16500DVD,0
900,5,64,PRO80-09,0
901,9,65,X1250E CORE,30
902,1,66,2GO PC,0
903,9,67,S50-01-GE-48T-V,42.5
904,9,68,FORTIGATE 110C,0
905,9,68,FORTIGATE 200A,0
906,9,68,FORTIGATE 300C,0
907,9,68,FORTIGATE 3016B,0
908,9,68,FORTIGATE 600C,0
909,9,68,FORTIGATE-100A,0
910,9,68,FORTIGATE-200A,0
911,9,68,FORTIGATE-200B,0
912,9,68,FORTIGATE-60,0
913,9,68,FORTIGATE-60B,0
914,9,68,FORTIGATE-60D,0
915,14,69,SPC-15,0
916,10,70,3190T,0
917,2,70,361218-01,0
918,1,70,LIFEBOOK T4410,6.38
919,13,71,PL-8C,35
920,2,72,E-3110,0
921,2,72,ESERIES,0
922,10,72,FPD1520,0
923,2,72,GATEWAY E-SERIES,0
924,2,72,GP6-266,0
925,1,72,M460,0
926,1,72,M465-E,0
927,10,72,TFT19W80PS,5
928,9,73,LTE-DVR16,0
929,1,74,GD 6000,0
930,2,75,GENERIC,0
931,14,76,DVR5100,0
932,2,77,1550SX,0
933,10,78,HW173D,0
934,10,79,1740,5
935,10,79,2011X,0
936,10,79,2335,0
937,10,79,24UH,0
938,5,79,BLADESYSTEM C7000 ENCLOSURE,0
939,2,79,C9704A,0
940,12,79,COLOR LASERJET 2600N,0
941,12,79,COLOR LASERJET 3600N,0
942,12,79,COLOR LASERJET 4650DN,0
943,12,79,COLOR LASERJET 4700DN,0
944,12,79,COLOR LASERJET 5550N,0
945,12,79,COLOR LASERJET CP2025,0
946,12,79,COLOR LASERJET CP3525DN,0
947,12,79,COLOR LASERJET CP4525,0
948,12,79,COLOR LASERJET CP6015DN,159.5
949,12,79,COLOR LASERJET ENTERPRISE M651,0
950,12,79,COLOR LASERJET PRO M252DW,96.25
951,12,79,COLOR LASERJET PRO MFP M477FDW,0
952,2,79,COMPAQ 6000 PRO,0
953,1,79,COMPAQ 6830S,7.5
954,2,79,COMPAQ 8000 ELITE,6.8
955,2,79,COMPAQ 8200 ELITE,53.74
956,2,79,COMPAQ 8300 ELITE,35
957,2,79,COMPAQ D530,0
958,2,79,COMPAQ D530 CMT,0
959,2,79,COMPAQ DC2200,0
960,2,79,COMPAQ DC5100,0
961,2,79,COMPAQ DC5700,0
962,2,79,COMPAQ DC5750,0
963,2,79,COMPAQ DC5850,0
964,2,79,COMPAQ DC7100,0
965,2,79,COMPAQ DC7800,0
966,2,79,COMPAQ DC7900,0
967,2,79,COMPAQ DX2300,0
968,2,79,COMPAQ DX2450,0
969,2,79,COMPAQ ELITE 8300,102.5
970,10,79,COMPAQ L2105TM,0
971,10,79,COMPAQ LA2205WG,5
972,10,79,COMPAQ LA2405WG,0
973,2,79,COMPAQ NC6000,0
974,1,79,COMPAQ NC6400,8.5
975,2,79,D9664T,0
976,12,79,DESKJET 5650,0
977,12,79,DESKJET 6122,0
978,12,79,DESKJET 6940,0
979,12,79,DESKJET 6988,0
980,12,79,DIGITALSENDER 9200C,0
981,10,79,E222,5
982,10,79,E241I,71.87
983,2,79,ELITE 7000 MT PC,0
984,10,79,ELITE DISPLAY E232,5
985,1,79,ELITEBOOK 2540P,5
986,1,79,ELITEBOOK 6930P,11
987,1,79,ELITEBOOK 8470P,22.5
988,2,79,ELITEBOOK 8740W,0
989,12,79,ENTERPRISE FLOW MFP M527,400
990,12,79,ENVY 110,0
991,12,79,ENVY 4520,0
992,13,79,EO4501,0
993,2,79,HP COMPAQ 6200 PRO MT PC,24.74
994,2,79,HP COMPAQ 8000 ELITE CMT PC,0
995,2,79,HP COMPAQ 8000 ELITE SFF PC,11.05
996,2,79,HP COMPAQ 8000 ELITE USDT PC,7.74
997,2,79,HP COMPAQ 8200 ELITE,35
998,2,79,HP COMPAQ 8200 ELITE CMT PC,44.74
999,2,79,HP COMPAQ 8200 ELITE SFF PC,42.5
1000,2,79,HP COMPAQ 8200 ELITE SMALL FORM FACTOR,42.5
1001,2,79,HP COMPAQ 8200 ELITE USDT PC,31.74
1002,2,79,HP COMPAQ 8200 PRO SFF,42.5
1003,2,79,HP COMPAQ 8200 SFF PC,35
1004,2,79,HP COMPAQ DC5700 SMALL FORM FACTOR,0
1005,2,79,HP COMPAQ DC7700 CONVERTIBLE MINITOWER,0
1006,2,79,HP COMPAQ DC7700 SMALL FORM FACTOR,0
1007,2,79,HP COMPAQ DC7800P SMALL FORM FACTOR,3.5
1008,2,79,HP COMPAQ DC7900 SMALL FORM FACTOR,0
1009,2,79,HP COMPAQ ELITE 8300 SFF,42.5
1010,2,79,HP COMPAQ ELITE 8300 USDT,102.5
1011,1,79,HP ELITEBOOK 2540P,0
1012,1,79,HP ELITEBOOK 2540P (SJ655UP),0
1013,1,79,HP ELITEBOOK 2570P,36.54
1014,1,79,HP ELITEBOOK 6930P,15
1015,1,79,HP ELITEBOOK 8440P,40
1016,1,79,HP ELITEBOOK 8460P,90
1017,1,79,HP ELITEBOOK 8460P (LQ166AW),45
1018,1,79,HP ELITEBOOK 8470P,90
1019,2,79,HP ELITEDESK 800 G3 SFF,0
1020,5,79,HP PC BLADE ENCLOSURE US,0
1021,1,79,HP PROBOOK 6470B,30.45
1022,6,79,HP STORAGEWORKS M6412,0
1023,2,79,HP T620 DUAL CORE TC,0
1024,2,79,HP T620 QUAD CORE TC,0
1025,2,79,HP Z210 WORKSTATION,22.5
1026,2,79,HP Z220 SFF WORKSTATION,25.25
1027,2,79,HP Z400 WORKSTATION,0
1028,2,79,HP Z600 WORKSTATION,0
1029,9,79,J9021A,0
1030,10,79,L1906,5
1031,10,79,L1908W,5
1032,10,79,L1950,0
1033,10,79,L1950G,0
1034,10,79,L2208W,5
1035,10,79,LA1751G,5
1036,10,79,LA1905WG,0
1037,10,79,LA2006X,0
1038,10,79,LA2205WG,0
1039,10,79,LA2405WG,0
1040,10,79,LA2405X,0
1041,12,79,LASERJET 1000 SERIES,0
1042,12,79,LASERJET 1012,0
1043,12,79,LASERJET 1020,0
1044,12,79,LASERJET 1100,0
1045,12,79,LASERJET 1200,0
1046,12,79,LASERJET 1300,0
1047,12,79,LASERJET 1320,0
1048,12,79,LASERJET 2100,0
1049,12,79,LASERJET 2200D,0
1050,12,79,LASERJET 2200DN,0
1051,12,79,LASERJET 2300,0
1052,12,79,LASERJET 2300D,0
1053,12,79,LASERJET 2300DN,0
1054,12,79,LASERJET 2300L,0
1055,12,79,LASERJET 2420,0
1056,12,79,LASERJET 2420D,0
1057,12,79,LASERJET 2420DN,0
1058,12,79,LASERJET 3015,0
1059,12,79,LASERJET 4000,0
1060,12,79,LASERJET 4000N,0
1061,12,79,LASERJET 4015N,0
1062,12,79,LASERJET 4050N,0
1063,12,79,LASERJET 4050TN,0
1064,12,79,LASERJET 4100DTN,0
1065,12,79,LASERJET 4100N,0
1066,12,79,LASERJET 4200,0
1067,12,79,LASERJET 4200DTN,87.5
1068,12,79,LASERJET 4200N,0
1069,12,79,LASERJET 4200TN,0
1070,12,79,LASERJET 4240N,66
1071,12,79,LASERJET 4250,0
1072,12,79,LASERJET 4250DTN,0
1073,12,79,LASERJET 4250N,95
1074,12,79,LASERJET 4250TN,121
1075,12,79,LASERJET 4300DTN,0
1076,12,79,LASERJET 4350DTN,125
1077,12,79,LASERJET 4350N,0
1078,12,79,LASERJET 4350TN,96.82
1079,12,79,LASERJET 4700DN,0
1080,12,79,LASERJET 500 COLOR M551,0
1081,12,79,LASERJET 600 M601,37.5
1082,12,79,LASERJET 600 M602,209
1083,12,79,LASERJET 600 M603,150
1084,12,79,LASERJET 6L,0
1085,12,79,LASERJET 9050DN,0
1086,12,79,LASERJET 9500N,0
1087,12,79,LASERJET CP1525NW COLOR,0
1088,12,79,LASERJET CP2025,0
1089,12,79,LASERJET CP3525N,0
1090,12,79,LASERJET ENTERPRISE M506,0
1091,12,79,LASERJET ENTERPRISE M806,0
1092,12,79,LASERJET M1319F MFP,0
1093,12,79,LASERJET M3035 MFP,0
1094,12,79,LASERJET P1006,0
1095,12,79,LASERJET P1102W,47
1096,12,79,LASERJET P1505,0
1097,12,79,LASERJET P1505N,0
1098,12,79,LASERJET P1606DN,0
1099,12,79,LASERJET P2015,0
1100,12,79,LASERJET P2015D,0
1101,12,79,LASERJET P2015DN,50
1102,12,79,LASERJET P2035,0
1103,12,79,LASERJET P2035N,0
1104,12,79,LASERJET P2055DN,50
1105,12,79,LASERJET P30005,0
1106,12,79,LASERJET P3005,0
1107,12,79,LASERJET P3005D,0
1108,12,79,LASERJET P3005DN,20
1109,12,79,LASERJET P3015,88
1110,12,79,LASERJET P4014N,80
1111,12,79,LASERJET P4015DN,0
1112,12,79,LASERJET P4015N,60
1113,12,79,LASERJET P4015TN,0
1114,12,79,LASERJET P4015X,0
1115,12,79,LASERJET P4515N,0
1116,12,79,LASERJET PRO 200 COLOR M251NW,0
1117,12,79,LASERJET PRO 400,17.5
1118,12,79,LASERJET PRO 400 COIOR M451NW,0
1119,12,79,LASERJET PRO 400 COLOR M451DN,0
1120,12,79,LASERJET PRO 400 COLOR M451NW,0
1121,12,79,LASERJET PRO 400 COLOR MFP M475DN,0
1122,12,79,LASERJET PRO 400 M401N,30
1123,12,79,LASERJET PRO 400 MFP M425DN,0
1124,12,79,LASERJET PRO CM1415FNW COLOR MFP,0
1125,12,79,LASERJET PRO M402DN,0
1126,12,79,LASERJET PRO M402N,12.5
1127,10,79,LE1901W,5
1128,10,79,LE1911,5
1129,10,79,LE2002X,5
1130,10,79,LE2201W,5
1131,10,79,LP2465,0
1132,10,79,LV1911,5
1133,10,79,LV2311,5
1134,12,79,OFFICEJET 100 MOBILE PRINTER,0
1135,12,79,OFFICEJET 5610,0
1136,12,79,OFFICEJET PRO 8100,0
1137,12,79,OFFICEJET PRO L7780,0
1138,12,79,OFFICEPRO 8610,0
1139,3,79,OMNI PRO 110 PC,0
1140,1,79,OMNIBOOK 2100,0
1141,2,79,PAVILION A1016X,0
1142,1,79,PAVILION DV6700,0
1143,1,79,PAVILION G4,0
1144,12,79,PHOTOSMART 7760,0
1145,2,79,PRO 3000 MT,0
1146,2,79,PRO 3130 MT,18.74
1147,1,79,PROBOOK 4440S,27.5
1148,1,79,PROBOOK 6360B,33.5
1149,1,79,PROBOOK 6470B,36.54
1150,9,79,PROCURVE 2650 (J4899B),0
1151,10,79,PRODISPLAY P201,5
1152,5,79,PROLIANT BL460C G6,46.45
1153,5,79,PROLIANT BL460C G7,0
1154,5,79,PROLIANT BL620C G7,0
1155,5,79,PROLIANT BL680C G7,0
1156,5,79,PROLIANT DL 360 G5,0
1157,5,79,PROLIANT DL 380 G4,0
1158,5,79,PROLIANT DL 380 G5,0
1159,5,79,PROLIANT DL140,0
1160,5,79,PROLIANT DL145 G2,0
1161,5,79,PROLIANT DL160 G6,0
1162,5,79,PROLIANT DL180 G6,0
1163,5,79,PROLIANT DL360 G3,0
1164,5,79,PROLIANT DL360 G4,0
1165,5,79,PROLIANT DL360 G4P,0
1166,5,79,PROLIANT DL360 G5,0
1167,5,79,PROLIANT DL360 G6,82.5
1168,5,79,PROLIANT DL360 G7,208.48
1169,5,79,PROLIANT DL365,0
1170,5,79,PROLIANT DL380 G4,0
1171,5,79,PROLIANT DL380 G6,0
1172,5,79,PROLIANT DL380 G7,257.93
1173,5,79,PROLIANT DL380P GEN8,1050
1174,5,79,PROLIANT ML 350 G5,0
1175,5,79,PROLIANT ML150 G5,0
1176,5,79,PROLIANT ML330 G6,0
1177,2,79,PROLIANT ML350,0
1178,5,79,PROLIANT ML370,0
1179,5,79,PROLIANT ML370 G5,0
1180,2,79,QN089AW,42.5
1181,10,79,S2031,5
1182,5,79,SERVER FC2120,0
1183,9,79,STORAGE WORKS 8/24 SAN SWITCH,125
1184,6,79,STORAGEWORKS AG638B,0
1185,13,79,STORAGEWORKS EVA4400,0
1186,6,79,STORAGEWORKS MSA20,0
1187,6,79,STORAGEWORKS MSA60,0
1188,2,79,T610,0
1189,2,79,T620,0
1190,3,79,TOUCHSMART 610,0
1191,2,79,UNAVAILABLE,10
1192,10,79,W2072A,5
1193,2,79,WORKSTATION XW6200,0
1194,2,79,WORKSTATION XW8000,0
1195,2,79,WORKSTATION XW8200,0
1196,2,79,WORKSTATION XW8400,0
1197,2,79,WORKSTATION XW8600,0
1198,2,79,XW8400 WORKSTATION,0
1199,2,79,Z200 WORKSTATION,25
1200,2,79,Z210 WORKSTATION,62.5
1201,2,79,Z220 WORKSTATION,70.5
1202,2,79,Z230 WORKSTATION,101.5
1203,2,79,Z400 WORKSTATION,0
1204,2,79,Z420 WORKSTATION,95
1205,2,79,Z620 WORKSTATION,0
1206,10,79,ZR2440W,0
1207,10,79,ZR2740W,0
1208,8,80,99HSK017-00,0
1209,8,80,ADR6400L,0
1210,8,80,E40557,0
1211,8,80,PJ83100,5
1212,1,81,2621-540,0
1213,2,81,3547-002,0
1214,5,81,61X,0
1215,10,81,6656-HG2,0
1216,13,81,9306-RTP,0
1217,10,81,9419-HB2,5
1218,10,81,9495-AG1,0
1219,10,81,9511-AG4,0
1220,10,81,9512-AB1,0
1221,5,81,AC1,0
1222,13,81,API0PD01,0
1223,5,81,BLADECENTER HS21 (8853-AC1),0
1224,5,81,BLADECENTER HS21 (8853-G3U),0
1225,5,81,BLADECENTER HS21 (8853-L3U),0
1226,5,81,BLADECENTER HS21 (8853-L4U),0
1227,5,81,BLADECENTRE E (8677-3RU),0
1228,2,81,EKU,0
1229,5,81,G1X,0
1230,6,81,HS-1235T,0
1231,13,81,IAC-30A-3D,0
1232,5,81,IBM X3850,0
1233,10,81,L150,0
1234,10,81,L170,5
1235,5,81,L1X,0
1236,10,81,L201P,5
1237,5,81,M1X,0
1238,2,81,NETVISTA (6578-THG),0
1239,2,81,NETVISTA (6579-NBG),0
1240,2,81,NETVISTA (8315-42U),0
1241,5,81,RS6000,0
1242,13,81,SUFSUR27,0
1243,13,81,SURT6000XLIX547,0
1244,5,81,SYSTEM P5,0
1245,5,81,SYSTEM X3200 (4362-PAT),0
1246,5,81,SYSTEM X3250 M3 (4251-AC1),0
1247,5,81,SYSTEM X3250 M3 (4252-AC1),0
1248,5,81,SYSTEM X3250 M4,0
1249,5,81,SYSTEM X3250 M4 (2583-B2U),0
1250,5,81,SYSTEM X3250 M4 (2583-PAN),0
1251,5,81,SYSTEM X3500 M4,0
1252,5,81,SYSTEM X3550,0
1253,5,81,SYSTEM X3550 (7978-71U),0
1254,5,81,SYSTEM X3550 (7978-B4U),0
1255,5,81,SYSTEM X3550 (7978-B5U),0
1256,5,81,SYSTEM X3550 M2 (7946AC1),0
1257,5,81,SYSTEM X3550 M2 (7946-E3U),0
1258,5,81,SYSTEM X3550 M3,24
1259,5,81,SYSTEM X3550 M3 - 7944-AC1,77
1260,5,81,SYSTEM X3550 M3 (7944-AC1),159
1261,5,81,SYSTEM X3550 M4 (7914-AC1),194
1262,5,81,SYSTEM X3630 M3,24
1263,5,81,SYSTEM X3630 M3 (7377-AC1),24
1264,5,81,SYSTEM X3650,0
1265,5,81,SYSTEM X3650 (7979-71U),0
1266,5,81,SYSTEM X3650 (7979-AC1),0
1267,5,81,SYSTEM X3650 (7979-B1U),0
1268,5,81,SYSTEM X3650 M3,24
1269,5,81,SYSTEMS X3950 X5 (7145-AC4),0
1270,1,81,T43,0
1271,10,81,T540,0
1272,10,81,T541,0
1273,10,81,T55A,0
1274,2,81,THINKCENTRE S50 (8183-GHU,0
1275,2,81,THINKCENTRE S51,0
1276,2,81,THINKCENTRE S51 (8171-31U),0
1277,1,81,THINKPAD 560Z (2640-BOU),0
1278,1,81,THINKPAD 760CD (9546-U11),0
1279,1,81,THINKPAD 770X(9549-71U),0
1280,1,81,THINKPAD A21M (2628-ETU),0
1281,1,81,THINKPAD A22M (2628-TSU),0
1282,1,81,THINKPAD A30P (2653-66U),0
1283,1,81,THINKPAD I140 (2611-512),0
1284,1,81,THINKPAD R31 (2656-AGU),0
1285,1,81,THINKPAD T41 (2373-7JU),0
1286,1,81,THINKPAD T41 (2374-GGU),0
1287,1,81,THINKPAD T42,0
1288,1,81,THINKPAD T42 (2373-GRU),0
1289,5,81,TYPE 9110-510,0
1290,5,81,TYPE-9110,0
1291,5,81,XSERIES 206M (8485-PAQ),0
1292,5,81,XSERIES 340 (2074),0
1293,5,81,XSERIES 345 (8670-31X),0
1294,5,81,XSERIES 345 (8670-61X),0
1295,5,81,XSERIES 345 (8670-G1X),0
1296,5,81,XSERIES 346 (8840-41U),0
1297,5,81,XSERIES 346 (8840-42U),0
1298,5,81,XSERIES X345,0
1299,5,81,XSERIES-335,0
1300,5,81,XSERIES-346,0
1301,11,82,IN3114,0
1302,11,82,IN3116,66
1303,11,82,IN3118HD,0
1304,11,82,IN3138HD,0
1305,11,82,IN5104,0
1306,11,82,IN5110,0
1307,11,82,IN5535L,0
1308,11,82,LP350,0
1309,11,82,VS12440,0
1310,2,83,DC53427HYE,0
1311,5,83,MFS5520VI,0
1312,5,83,MFS5520VIR,0
1313,5,83,MFSYS25,0
1314,2,83,NUC5I5MYHE,0
1315,5,83,SR1500AL,0
1316,4,84,PTZ-930,0
1317,14,85,TLA IQMX APPS,0
1318,14,85,TLA IQMX CONTROLL MODULE,0
1319,9,86,NS-5GT-101,0
1320,9,86,NS-5GT-201,0
1321,9,86,NSMXPRESS,0
1322,9,86,SA 4000,0
1323,9,86,SSG 5,0
1324,9,86,SSG 520M,0
1325,9,86,SSG-5-SH,0
1326,14,87,HR-S3600U,0
1327,14,87,HR-XV37U,28.59
1328,14,87,SR-S365U,0
1329,14,87,SR-TS1U,0
1330,10,88,K-72MB,0
1331,7,89,300IP,20
1332,12,89,BIZHUB DI2010F,0
1333,14,90,VP-502XL,27.5
1334,14,90,VS-41H,0
1335,8,91,1670365,0
1336,14,92,VW-110,0
1337,10,93,10DQD,0
1338,1,93,3000 N100,11.29
1339,2,93,40A0,0
1340,10,93,4434-HE1,5
1341,10,93,5047-HB2,5
1342,10,93,6135-AB1,5
1343,10,93,9227-AC1,0
1344,10,93,9227-AD1,5
1345,10,93,E1922 WD,0
1346,10,93,E2054A,5
1347,10,93,L151,0
1348,10,93,L1700P,0
1349,10,93,L171,5
1350,10,93,L1711P,5
1351,10,93,L171P,5
1352,10,93,L1900PA,5
1353,10,93,L191,0
1354,10,93,L191P,5
1355,10,93,L192P,5
1356,10,93,L193P,5
1357,10,93,L193PC,5
1358,10,93,L197,0
1359,10,93,L197W,0
1360,10,93,L197WA,5
1361,10,93,L2021WA,5
1362,10,93,L2240PWD,0
1363,10,93,L2250PWD,0
1364,10,93,L2251PWD,0
1365,10,93,L2321X,5
1366,10,93,L2321XWD,0
1367,10,93,LS1922WA,5
1368,10,93,LT1913P,5
1369,10,93,LT1913PA,5
1370,10,93,LT1952P,0
1371,10,93,LT1952PWD,0
1372,10,93,LT2323PW,0
1373,10,93,T2324PA,0
1374,2,93,THINKCENRE M55P,0
1375,2,93,THINKCENTRE 58E (7303-CTO),0
1376,7,93,THINKCENTRE 58E (7303-D6U),0
1377,2,93,THINKCENTRE A70 (7099-U3U),0
1378,2,93,THINKCENTRE EDGE 71,12.13
1379,2,93,THINKCENTRE M52 (8215-E9U),0
1380,2,93,THINKCENTRE M55,0
1381,2,93,THINKCENTRE M55 (8808-D2U),0
1382,2,93,THINKCENTRE M55E (9632-F7U),0
1383,2,93,THINKCENTRE M55P,0
1384,2,93,THINKCENTRE M57,0
1385,2,93,THINKCENTRE M57 (6072-BKU),0
1386,2,93,THINKCENTRE M57 (6075-F4U),0
1387,2,93,THINKCENTRE M57E (6305-B1U),0
1388,2,93,THINKCENTRE M58,0
1389,2,93,THINKCENTRE M58 (7359-F5U),0
1390,2,93,THINKCENTRE M58 (7360 AKU),0
1391,2,93,THINKCENTRE M58 (7360 BVU),0
1392,2,93,THINKCENTRE M58 (7360 EUU),0
1393,2,93,THINKCENTRE M58 (7360-D3U),0
1394,2,93,THINKCENTRE M58 (7360-EQU),0
1395,2,93,THINKCENTRE M58 (7360-EUU),0
1396,2,93,THINKCENTRE M58E (6218-MC1),0
1397,2,93,THINKCENTRE M58E (7269-D7U),0
1398,2,93,THINKCENTRE M70E (0809-E6U),0
1399,2,93,THINKCENTRE M71E,35
1400,2,93,THINKCENTRE M71E (3157-C5U),0
1401,2,93,THINKCENTRE M71E (3157-G9U),0
1402,2,93,THINKCENTRE M72E,39.74
1403,2,93,THINKCENTRE M72E (3264-P7U),0
1404,2,93,THINKCENTRE M72E (3598-A7U),28.74
1405,2,93,THINKCENTRE M72E (3660-D5U),28.74
1406,3,93,THINKCENTRE M72Z,36.24
1407,3,93,THINKCENTRE M72Z (3548-B1U),36.24
1408,3,93,THINKCENTRE M72Z (3554-E5U),36.24
1409,2,93,THINKCENTRE M73,42.5
1410,2,93,THINKCENTRE M73 (10B7001-RUS),0
1411,2,93,THINKCENTRE M73 (10B7-001RUS),40.49
1412,3,93,THINKCENTRE M73Z,55.74
1413,3,93,THINKCENTRE M73Z (10BB-000FUS),55.74
1414,2,93,THINKCENTRE M81,36.99
1415,2,93,THINKCENTRE M82 (330-6G3U),36.24
1416,2,93,THINKCENTRE M83,59.74
1417,2,93,THINKCENTRE M90,28.74
1418,2,93,THINKCENTRE M90 (3245-B7U),0
1419,2,93,THINKCENTRE M91P,34.24
1420,2,93,THINKCENTRE M91P (4480-B1U),0
1421,2,93,THINKCENTRE M91P (4480-B5U),20
1422,2,93,THINKCENTRE M91P (7052-C9U),0
1423,2,93,THINKCENTRE M92P (10A7-000QUS),0
1424,2,93,THINKCENTRE M92P (2988-D9U),0
1425,2,93,THINKCENTRE M92P (2992-E5U),0
1426,2,93,THINKCENTRE M93P,0
1427,2,93,THINKCENTRE M93P (10A7-000QUS),0
1428,1,93,THINKPAD E540,51.76
1429,1,93,THINKPAD L540 (20AUS0HF00),56.5
1430,1,93,THINKPAD P50,258.82
1431,1,93,THINKPAD R30 (2656-A0U),0
1432,1,93,THINKPAD R32 (2658-N3U),0
1433,1,93,THINKPAD R60 (9456-5JU),0
1434,1,93,THINKPAD R60E (0657-HQU),11.29
1435,1,93,THINKPAD R61,0
1436,1,93,THINKPAD S1 YOGA,220
1437,1,93,THINKPAD S230U (3347-2GU),21.29
1438,1,93,THINKPAD SL510,5
1439,1,93,THINKPAD T400,17.5
1440,1,93,THINKPAD T400 (6474-11U),17.5
1441,1,93,THINKPAD T410,42.5
1442,1,93,THINKPAD T410 (2516-CTO),36.29
1443,1,93,THINKPAD T410 (2522-WL9),36.29
1444,1,93,THINKPAD T410I,46.29
1445,1,93,THINKPAD T410I (2516-APU),41.29
1446,1,93,THINKPAD T410S,42.5
1447,1,93,THINKPAD T420,60
1448,1,93,THINKPAD T420 (4178-6UU),18.99
1449,1,93,THINKPAD T420 (4180-62U),53
1450,1,93,THINKPAD T420S,64.71
1451,1,93,THINKPAD T43 (2687-DTU),0
1452,1,93,THINKPAD T430,84.5
1453,1,93,THINKPAD T430 (2342-7YU),56.5
1454,1,93,THINKPAD T430 (2344-5GU),40.72
1455,1,93,THINKPAD T430 (2347-H6U),63.5
1456,1,93,THINKPAD T430 (2349-G2U),56.5
1457,1,93,THINKPAD T430 (2349-JMU),56.5
1458,1,93,THINKPAD T430S,70.5
1459,1,93,THINKPAD T430S (2353-2MU),63.5
1460,1,93,THINKPAD T430S (2353-9LU),63.5
1461,1,93,THINKPAD T431S,64.71
1462,1,93,THINKPAD T431S (20AA-000MUS),58.24
1463,1,93,THINKPAD T440,84.5
1464,1,93,THINKPAD T440 (20B7000QUS),64.71
1465,1,93,THINKPAD T440 (20B7-000QUS),66.29
1466,1,93,THINKPAD T440P,106
1467,1,93,THINKPAD T440P (20AN-0069US),55.22
1468,1,93,THINKPAD T440P (20AW-S19U00),45.47
1469,1,93,THINKPAD T440S,100.29
1470,1,93,THINKPAD T440S (20AQ-005TUS),25
1471,1,93,THINKPAD T440S (20AQ008FUS),80.88
1472,1,93,THINKPAD T450,120
1473,1,93,THINKPAD T450S,148.82
1474,1,93,THINKPAD T450S (20BX-001AUS),122.94
1475,1,93,THINKPAD T460S,181.18
1476,1,93,THINKPAD T460S (20F9003CUS),155.29
1477,1,93,THINKPAD T500,16.29
1478,1,93,THINKPAD T510,46
1479,1,93,THINKPAD T510 (4313-28U),33.79
1480,1,93,THINKPAD T520,60
1481,1,93,THINKPAD T520 (4239-CT0),36.29
1482,1,93,THINKPAD T530,56.5
1483,1,93,THINKPAD T540P,40.72
1484,1,93,THINKPAD T540P (20BE-0096US),47.72
1485,1,93,THINKPAD T60 (1951-43U),8.79
1486,1,93,THINKPAD T60P (2007-93U),0
1487,1,93,THINKPAD T61,3.24
1488,1,93,THINKPAD T61 (6459-CT0),0
1489,1,93,THINKPAD T61 (6460-DWU),8.79
1490,1,93,THINKPAD T61 (7663-13U),3.5
1491,1,93,THINKPAD W540,181.18
1492,1,93,THINKPAD W701 (2541-29U),25
1493,1,93,THINKPAD X1 CARBON,199.5
1494,1,93,THINKPAD X1 CARBON (20A8-004FUS),0
1495,1,93,THINKPAD X1 CARBON (3443-CTO),77.65
1496,1,93,THINKPAD X1 CARBON (3444-2HU),64.71
1497,1,93,THINKPAD X1 CARBON (3460-BR8),121.29
1498,1,93,THINKPAD X131E (3372-2VU),6.47
1499,1,93,THINKPAD X200,12.94
1500,1,93,THINKPAD X200 (7449-45U),10
1501,1,93,THINKPAD X201,36.29
1502,1,93,THINKPAD X201 (3626-F5U),36.29
1503,1,93,THINKPAD X220,63.5
1504,1,93,THINKPAD X220 (4286-CTO),46.29
1505,1,93,THINKPAD X220 (4287-2WU),42.5
1506,1,93,THINKPAD X220 (4287-5TU),42.5
1507,1,93,THINKPAD X230,71.29
1508,1,93,THINKPAD X230 (2320-33U),49.5
1509,1,93,THINKPAD X230 (2320-HPU),49.5
1510,1,93,THINKPAD X230 (2324-3VU),66.29
1511,1,93,THINKPAD X230 (2325-7S7),0
1512,1,93,THINKPAD X230 (3437-24U),46.29
1513,1,93,THINKPAD X240,106.29
1514,1,93,THINKPAD X240 (20AL-009),141.29
1515,1,93,THINKPAD X250 (20CLS6WQ00),0
1516,1,93,THINKPAD X260 (20F5-S36R00),141
1517,1,93,THINKPAD X300,7
1518,1,93,THINKPAD X301,7
1519,1,93,THINKPAD X61,0
1520,1,93,THINKPAD X61 (7675-H7U),6.79
1521,1,93,THINKPAD X61 (7764-CT0),0
1522,1,93,THINKPAD YOGA,200
1523,1,93,THINKPAD YOGA 12,115
1524,1,93,THINKPAD YOGA 12 (20DK-S00F0D),92.7
1525,2,93,THINKSTATION S10,0
1526,2,93,THINKSTATION S30,0
1527,4,93,TP0028AA,0
1528,12,94,4061,0
1529,12,94,C760,0
1530,12,94,CS410DN,0
1531,12,94,E232,0
1532,12,94,E240,0
1533,12,94,E350D,0
1534,12,94,E360D,0
1535,12,94,E460DN,0
1536,12,94,T640,0
1537,12,94,T642,0
1538,12,94,T650N,0
1539,12,94,T652DN,0
1540,12,94,T652N,0
1541,12,94,T654N,0
1542,12,94,X656DE,0
1543,10,95,19EN33,5
1544,10,95,24MB35PY-B,5
1545,10,95,25UM64--S,0
1546,14,95,DN898,0
1547,10,95,E2211PUX,5
1548,10,95,FLATRON 24M34D-B,0
1549,10,95,FLATRON L206WTY-BF,0
1550,10,95,FLATRON W2442PA,5
1551,8,95,G2,5
1552,8,95,G3 VIGOR,5
1553,9,95,IPCS ES-2024G,0
1554,10,95,L1942PEU,5
1555,8,95,LG-E970,5
1556,4,95,LGV909DW,0
1557,9,95,LG-VL600,0
1558,8,95,LG-VN170,0
1559,8,95,LG-VS425,25
1560,8,95,LG-VS950,0
1561,8,95,LG-VS980,25
1562,8,95,LG-VX5600,0
1563,10,95,W2246PM,5
1564,13,96,POWERSURE 2200,0
1565,7,97,LFZ-019,0
1566,7,97,LFZ-021,0
1567,7,97,LFZ-023,0
1568,10,97,LFZ-026,0
1569,14,98,LES-850IR,0
1570,9,99,EF3512,0
1571,9,99,NH1005.V2,0
1572,13,100,1151A1,0
1573,13,100,391A3,0
1574,10,101,15MF605T/17,0
1575,9,102,1S5030,0
1576,9,102,IS50XX,0
1577,9,102,SX6036,200
1578,8,103,LUMIA 950 XL,5
1579,4,103,WINDOWS SURFACE 1572,0
1580,4,103,WINDOWS SURFACE 1631,0
1581,13,104,PD-815R-PL,0
1582,13,104,PD-915R,0
1583,7,105,5212 IP PHONE,0
1584,7,105,5312 IP PHONE,0
1585,7,105,SUPERSET 4015,0
1586,10,106,LDT421V,0
1587,8,107,A855,0
1588,8,107,DROID ULTRA,25
1589,8,107,MB810,0
1590,9,107,SB6141,0
1591,9,107,T3 SWITCH,0
1592,9,107,T3-45325,0
1593,4,107,XOOM MZ600,0
1594,8,107,XT1021,0
1595,8,107,XT901,0
1596,10,108,F155OI,0
1597,9,109,MMH904CA,0
1598,9,109,MT932BA,0
1599,10,110,ACCUSYNC AS191,5
1600,10,110,ACCUSYNC AS241W,0
1601,10,110,ACCUSYNC LCD 72VX,0
1602,10,110,ACCUSYNC LCD72VX,5
1603,10,110,ACCUSYNC LCD73VX,5
1604,10,110,ASLCD92VX-BK,5
1605,7,110,D TERM SERIES III,0
1606,10,110,EA192M-BK,5
1607,10,110,EA231WMI-BK,5
1608,10,110,L190NY,5
1609,10,110,LCD1550V-BK,0
1610,10,110,LCD1700V-BK,0
1611,10,110,LCD1760V,0
1612,10,110,LCD1970NX,0
1613,10,110,LCD2080UX+BK,0
1614,10,110,LCD4000,0
1615,10,110,MULTISYNC E222W,0
1616,10,110,MULTISYNC EA190M,5
1617,10,110,MULTISYNC EA192M,30
1618,10,110,MULTISYNC EA223WM,93.5
1619,10,110,MULTISYNC EA273WM,110
1620,10,110,MULTISYNC LCD 1980SXI,0
1621,10,110,MULTISYNC LCD1765,0
1622,10,110,MULTISYNC LCD1990SX,0
1623,10,110,MULTISYNC LCD1990SXI,0
1624,10,110,MULTISYNC LCD2080UXI,0
1625,10,110,MULTISYNC LCD2090UXI,0
1626,10,110,MULTISYNC V422,0
1627,11,110,NP-PA550W,100
1628,2,110,SPL 300,0
1629,6,111,NAF-0702,0
1630,6,111,NAF-1302,0
1631,6,111,NAJ-1001,0
1632,6,111,RS-1404,0
1633,9,112,CG3000DCR,0
1634,9,112,FS105,0
1635,9,112,FS105 V2,0
1636,9,112,FS116P,15
1637,9,112,FS524,0
1638,9,112,FS608 V2,0
1639,9,112,GS748T,0
1640,9,112,GS748TPS-100NAS,159.5
1641,9,112,GSM7324,0
1642,9,112,JFS524,0
1643,9,112,JGS524,0
1644,9,112,PROSAFE GS748TPS,65
1645,9,113,3347NWG,0
1646,4,114,NEXUS 9,5
1647,8,115,CARL ZEISS,5
1648,9,115,IP0380,0
1649,9,116,BAYSTACK 5510,44
1650,9,116,CONTIVITY 1700,0
1651,7,116,M7310,0
1652,7,116,T7208,0
1653,7,116,T7316E,0
1654,7,117,M2616,0
1655,12,118,B4600,0
1656,14,119,DV-980H,0
1657,10,120,Q7B-3,5
1658,10,120,VS10807,0
1659,10,120,VS11147,5
1660,10,120,VS11201,0
1661,11,121,EP 758,0
1662,11,121,OPTOMA PROJECTOR,0
1663,14,122,AG-2200,0
1664,14,122,AG-3200P,0
1665,1,122,CF-19,0
1666,1,122,CF-29,0
1667,1,122,CF-30,0
1668,1,122,CF-73,0
1669,1,122,CF-C1,31.29
1670,1,122,CF-C1ADAJZ1M,5
1671,1,122,CF-C2,200
1672,1,122,CF-C2CCAZXCM,35.5
1673,13,122,CF-LND3BAYC2,0
1674,1,122,CF-T7BWATZAM,0
1675,1,122,CF-T8,3.5
1676,11,122,PT-FW300NT,32.5
1677,11,122,PT-FW300U,37.5
1678,11,122,PT-L711U,0
1679,14,122,PV-9451,0
1680,10,123,170S7FB/27,0
1681,10,123,BRILLIANCE 190P,5
1682,14,123,DVP5960/37,0
1683,14,123,PM 3214,0
1684,14,124,DV-393,0
1685,14,124,VSX-D903S,0
1686,10,125,PL1700-BK,0
1687,10,125,PLL2210W,0
1688,10,125,PLL2410W,0
1689,14,126,PLATRONICS W02,0
1690,7,127,CX5000,0
1691,14,127,EF2201,0
1692,14,127,EF2241,0
1693,14,127,EF2280,0
1694,14,127,HDX 8000,0
1695,7,127,HDX 8000 HD NTSC,0
1696,14,127,HDX 9000 SERIES,0
1697,7,127,HDX 9002,0
1698,14,127,HDX 9004,0
1699,14,127,MICPOD,14.3
1700,14,127,MPTZ-6,27.5
1701,14,127,SOUNDDTRUCTURE C16,0
1702,7,127,SOUNDPOINT IP 331,0
1703,7,127,SOUNDPOINT IP 335,0
1704,7,127,SOUNDPOINT IP 550 SIP,0
1705,7,127,SOUNDPOINT IP335,0
1706,7,127,SOUNDPOINT IP550,0
1707,7,127,SOUNDPOINT IP670,0
1708,7,127,SOUNDSTATION 2,36.68
1709,7,127,SOUNDSTATION 2W,0
1710,7,127,SOUNDSTATION IP 5000,0
1711,7,127,SOUNDSTATION IP 6000,35
1712,7,127,SOUNDSTATION PREMIER,0
1713,14,127,VISUAL CONCERT FX,0
1714,13,128,BNT-1500AP,0
1715,14,129,PL-300T,0
1716,14,130,ISA 300TI,0
1717,14,130,POWERLIGHT 1.4,85
1718,14,131,MA 3,0
1719,7,132,25214,0
1720,12,133,AFICIO SP C320DN,0
1721,12,133,ALFICIO CL3500N,0
1722,13,133,D5143NT,0
1723,14,134,MA-12,0
1724,14,134,MA-8,0
1725,10,135,243T,0
1726,10,135,915V,5
1727,10,135,940B,0
1728,10,135,940BE,5
1729,10,135,953BW,5
1730,14,135,DVD-V9800,0
1731,4,135,GALAXY TAB 3,40
1732,10,135,GH19PS,5
1733,4,135,GT-P5113,0
1734,8,135,LG-E980,5
1735,12,135,ML-2150,0
1736,10,135,S22D300NY,0
1737,10,135,S27E450D,0
1738,8,135,SCH-1535,25
1739,8,135,SCH-A870,0
1740,8,135,SCH-I110,0
1741,4,135,SCH-I800,5
1742,8,135,SCH-U450,0
1743,8,135,SCH-U660,0
1744,8,135,SGH-I337,5
1745,4,135,SGH-I957,5
1746,8,135,SM-G730V,25
1747,8,135,SM-G900V,25
1748,8,135,SM-G920V,5
1749,10,135,SYNCMASTER 2033,0
1750,10,135,SYNCMASTER 204B,0
1751,10,135,SYNCMASTER 204BW,0
1752,10,135,SYNCMASTER 2053BW,0
1753,10,135,SYNCMASTER 2253BW,0
1754,10,135,SYNCMASTER 2493HM,0
1755,10,135,SYNCMASTER 940BE,5
1756,10,135,SYNCMASTER 943,5
1757,10,135,SYNCMASTER B1940,5
1758,10,135,SYNCMASTER B2230,0
1759,10,135,SYNCMASTER E2420,0
1760,10,135,SYNCMASTER EX2220,0
1761,10,135,SYNCMASTER SA450,5
1762,10,135,SYNCMASTER SA850,5
1763,10,135,U28D590D,0
1764,11,136,PLC-XU33,0
1765,14,137,ULXP4,50
1766,9,138,SMCD3G,0
1767,9,138,SMCD3G-CCR,0
1768,9,139,APL22-06F,0
1769,9,139,APL22-09B,17.5
1770,9,139,PRO 1260,0
1771,9,139,TZ 215,0
1772,14,140,BRC-300,110
1773,14,140,DHR-1000,0
1774,14,140,DVP-NS325,0
1775,14,140,EVI-D30,0
1776,1,140,PCG-6G4L,0
1777,1,140,PCG-719,0
1778,1,140,PCG-8A1R,3.5
1779,1,140,PCG-R505GL,0
1780,10,140,SDM-S73,5
1781,10,140,SDM-S74,5
1782,10,140,SDM-S93,0
1783,11,140,VPL-PX40,27.5
1784,9,141,WS100,0
1785,9,142,NSW1U,0
1786,12,143,TSP800L,0
1787,3,144,STINGER WIDESCREEN AIO COMPUTER,0
1788,5,1,NETRA 240,0
1789,2,1,SUNBLADE 150,0
1790,5,1,SUNFIRE V120,0
1791,5,1,SUNFIRE V240,0
1792,5,1,SUNFIRE V280R,0
1793,5,1,SUNFIRE V440,0
1794,5,1,SUNFIRE V480,0
1795,5,1,SUNFIRE V890,0
1796,5,145,512-2,0
1797,5,145,811-3,0
1798,5,145,CSE-512,0
1799,6,145,CSE-836,0
1800,5,145,CT-040,0
1801,5,145,M2200-1,0
1802,5,145,SUPERMICRO SERVER,0
1803,5,145,SUPERSERVER 6015V-MRLP,0
1804,5,145,X8DT3/X8DT I,0
1805,5,145,X8DT3/X8DTI,0
1806,5,145,X8ST I/X8ST I-F/X8ST I-3F/X8ST I-LN4,0
1807,14,146,ULX1-J1,35.5
1808,6,147,STORAGELOADER? LTO-6,0
1809,14,148,528/1420 NTSC WAVEFORM MONITOR VECTORSCOPE,0
1810,14,149,900 SERIES II,0
1811,14,149,A-706,27.5
1812,1,150,2410-S203,0
1813,1,150,A25-S207,0
1814,4,150,AT15-A,10
1815,4,150,AT300,0
1816,14,150,DR430KU,99
1817,14,150,KV-7168A,0
1818,14,150,M-685,0
1819,1,150,PORTEGE R30-A,63.5
1820,1,150,PORTEGE R930,74
1821,1,150,SATELITE L505-S5990,16.29
1822,14,150,SD-2705U,0
1823,1,150,TECRA M6,0
1824,9,151,ARCHER C7,20
1825,9,151,TL-AG1008P,0
1826,9,151,TL-SG1008P,0
1827,13,152,AGIP480J7NPR,0
1828,13,152,BP48V24-2U,0
1829,13,152,SMART1500LCDT,0
1830,13,152,SMARTONLINE UPS,0
1831,13,152,SMARTPRO UPS,0
1832,9,153,DDW3610,0
1833,9,154,28.800 FAX MODEM,0
1834,9,154,3453B,0
1835,9,155,GT784WNV,0
1836,9,155,NRM-MC551,0
1837,9,155,UML290VW-G,11
1838,10,156,VA2026W,0
1839,10,156,VA2246M-LED,0
1840,10,156,VA2248M-LED,0
1841,10,156,VA2431WM,5
1842,10,156,VA703MB,5
1843,10,156,VA902B,5
1844,10,156,VA903B,5
1845,10,156,VA916-2,5
1846,10,156,VA926,5
1847,10,156,VA926-3,5
1848,10,156,VA926-5,5
1849,10,156,VA926G,0
1850,10,156,VE155B,0
1851,10,156,VE510B,0
1852,10,156,VG2428WM,0
1853,10,156,VG2439M,0
1854,10,156,VG730M,0
1855,10,156,VG930M,0
1856,10,156,VLCDS21389,0
1857,10,156,VP2030B,0
1858,10,156,VS11359,5
1859,10,156,VS11802,5
1860,4,156,VS14359,0
1861,10,156,VX2035WM,0
1862,10,156,VX2262WM,5
1863,10,156,VX2452MH,0
1864,10,157,L2046NV,0
1865,11,158,VZ0-8,0
1866,2,159,WT3455XL,0
1867,12,160,NUVERA 144EA DIGITAL PRODUCTION SYSTEM,0
1868,12,160,PHASER 3635 MFP,0
1869,12,160,PHASER 6125,0
1870,12,160,PHASER 6280,0
1871,12,160,PHASER 8560MFP,0
1872,12,160,WORKCENTRE C2424,0
1873,6,161,HB-1235,0
1874,14,162,CDC-685,0
1875,14,162,DV-S6160,0
1876,14,162,TX-492,0
1877,12,163,GK420D,0
1878,12,163,GX420D,0
1879,12,163,LP 2844,0
1880,12,163,ZP505,0
1881,7,164,ZIP 35I,0
